{ "10": { "percorso": [[[45.421402, 11.808985],[45.416857, 11.880387]],[[45.414324, 11.811869],[45.417744, 11.826021]],[[45.416857, 11.880387],[45.425850, 11.949263]]]
        ,"nome": ["Linea 10 Sarmeola", "Linea 10 Caselle", "Linea 10 Serale Sarmeola Ponte di Brenta"]
        ,"colori": ["FF0000", "0000FF", "00FF00"]
        },
"11": { "percorso": [[[45.444253, 11.831320],[45.438973, 11.851713]],[[45.388022, 11.875690],[45.413011, 11.877584]],[[45.459956, 11.821962],[45.416616, 11.880365]]]
      ,"nome": ["Linea 11 Due Palazzi-De Lazara", "Linea 11 Taggi-De Lazara", "Linea 11 Taggi- Ferrovia"]
      ,"colori": ["FF0000", "0000FF", "00FF00"]
      },          
"12": { "percorso": [[[45.396177, 11.781635],[45.416931, 11.879900]],[[45.397827, 11.806881],[45.416931, 11.879900]]]
      ,"nome": ["Linea 12 Selvazzano", "Linea 12 Tencarola"]
      ,"colori": ["FF0000", "00FF00"]
      },            
"13": { "percorso": [[[45.415918, 11.875916],[45.402121, 11.910231]],[[45.415930, 11.875946],[45.451157, 11.866145]],[[45.482556, 11.836715],[45.450368, 11.868379]]]
      , "nome": ["Linea 13 Altichiero-Boccaccio", "Linea 13 Altichiero-Codalunga", "Linea 13 Limena-Boccaccio"]
      , "colori": ["FF0000", "0000FF", "00FF00"]
      }, 
"15": { "percorso": [[[45.432198, 11.880186],[45.433406, 11.883113]],[[45.433406, 11.883113],[45.379077, 11.939883]],[[45.433406, 11.883113],[45.397667, 11.966437]],[[45.385885, 11.966133],[45.396707, 11.966151]]]
      , "nome": ["Linea 15 Bramante-Villatora","Linea 15 Bramante-Garze", "Linea 15 Bramante-Valli", "Linea 15 Codalunga-Villatora"]
      , "colori": ["666666","FF0000", "0000FF", "00FF00"]
      },
"16": { "percorso": [[[45.435273, 11.897750],[45.362870, 11.937786]],[[45.365970, 11.931225],[45.344889,11.936611]]]
      , "nome": ["Linea 16 Ponte S.Nicolò","Linea 16 Roncajette"]
      , "colori": ["FF00FF","66FFFF"]
      },
"18": { "percorso": [[[45.392378, 11.863538],[45.425850, 11.949263]]]
      , "nome": ["Linea 18"]
      , "colori": ["00FF00"]
      },
"22": { "percorso": [[[45.370689, 11.831821],[45.429359, 11.941000]],[[45.347262, 11.820057],[45.367951, 11.830542]],[[45.429264, 11.906001],[45.426659, 11.908543]]]
      , "nome": ["Linea 22 Mandria", "Linea 22 Giarre", "Navetta ITIS Severi"]
      , "colori": ["FF00FF", "00FF00", "FF9933"]
      },
"24": { "percorso": [[[45.426856, 11.892721],[45.364718, 11.845994]],[[45.364718, 11.845994],[45.426856, 11.892721]]]
      , "nome": ["Mandriola-Debussy","Debussy-Mandriola"]
      , "colori": ["FF00FF","00FF00"]
      },
"SIR1": { "percorso": [[[45.441140, 11.890766],[45.367987, 11.873903]]]
        , "nome": ["Tram"]
        , "colori": ["FF00FF"]
        }


}